{
  "__comment": "Instructions: https://blakesmods.com/docs/cucumber/tags-config",
  "forge:ingots/bronze": "mekanism:ingot_bronze",
  "forge:ingots/graphite": "bigreactors:graphite_ingot",
  "forge:ingots/electrum": "immersiveengineering:ingot_electrum",
  "forge:rubber": "null",
  "forge:ingots/iridium": "null",
  "forge:ingots/silver": "immersiveengineering:ingot_silver",
  "forge:ingots/tungsten": "null",
  "forge:ingots/uranium": "bigreactors:yellorium_ingot",
  "forge:ingots/zinc": "create:zinc_ingot",
  "forge:dusts/niter": "null",
  "forge:silicon": "ae2:silicon",
  "forge:gems/sapphire": "null",
  "forge:ingots/titanium": "assemblylinemachines:titanium_ingot",
  "forge:ingots/chrome": "null",
  "forge:gems/ruby": "null",
  "forge:ingots/steel": "assemblylinemachines:steel_ingot",
  "forge:ingots/aluminum": "immersiveengineering:ingot_aluminum",
  "forge:ingots/platinum": "null",
  "forge:ingots/invar": "null",
  "forge:ingots/constantan": "immersiveengineering:ingot_constantan",
  "forge:ingots/tin": "mekanism:ingot_tin",
  "forge:ingots/nickel": "immersiveengineering:ingot_nickel",
  "forge:ingots/mithril": "null",
  "forge:ingots/lead": "mekanism:ingot_lead",
  "forge:dusts/sulfur": "mekanism:dust_sulfur",
  "forge:dusts/saltpeter": "immersiveengineering:dust_saltpeter",
  "forge:gems/apatite": "null",
  "forge:ingots/brass": "create:brass_ingot"
}